model,split,accuracy,precision,recall,f1,roc_auc
SVM_RBF,test,0.8108974358974359,0.7931034482758621,0.9435897435897436,0.8618266978922716,0.8372233179925488
KNN,test,0.8076923076923077,0.790948275862069,0.941025641025641,0.8594847775175644,0.8182993644532106
RandomForest,test,0.7451923076923077,0.72,0.9692307692307692,0.8262295081967214,0.8706388341003726
GradientBoosting,test,0.7451923076923077,0.72,0.9692307692307692,0.8262295081967214,0.8546789392943239
