model,split,accuracy,precision,recall,f1,roc_auc
SVM_RBF,val,0.75,0.6666666666666666,1.0,0.8,0.984375
KNN,val,0.6875,0.6153846153846154,1.0,0.7619047619047619,0.921875
GradientBoosting,val,0.6875,0.6153846153846154,1.0,0.7619047619047619,0.953125
RandomForest,val,0.625,0.5714285714285714,1.0,0.7272727272727273,0.96875
