{
  "normal": {
    "precision": 0.8263888888888888,
    "recall": 0.5085470085470085,
    "f1-score": 0.6296296296296297,
    "support": 234.0
  },
  "pneumonia": {
    "precision": 0.7604166666666666,
    "recall": 0.9358974358974359,
    "f1-score": 0.8390804597701149,
    "support": 390.0
  },
  "accuracy": 0.7756410256410257,
  "macro avg": {
    "precision": 0.7934027777777777,
    "recall": 0.7222222222222222,
    "f1-score": 0.7343550446998723,
    "support": 624.0
  },
  "weighted avg": {
    "precision": 0.78515625,
    "recall": 0.7756410256410257,
    "f1-score": 0.7605363984674329,
    "support": 624.0
  }
}